-- ============================================================
-- final_dml.sql — Mock Data
-- Idempotent: รันซ้ำกี่ครั้งก็ได้ ข้ามถ้ามีข้อมูลอยู่แล้ว
-- ============================================================

-- ============================================================
-- 1. บริษัท
-- ============================================================
INSERT INTO SetCompany (ScpCode, ScpName) VALUES
    ('CP0001', 'kmitl1'),
    ('CP0002', 'kmitl2')
ON CONFLICT (ScpCode) DO NOTHING;

-- ============================================================
-- 2. แผนก (ScpName ถูก trigger fillDeptCompanyName จัดการอัตโนมัติ)
-- ============================================================
INSERT INTO SetDepartment (SdpCode, SdpName, ScpCode) VALUES
    ('DP0001', 'IT',        'CP0001'),
    ('DP0002', 'HR',        'CP0001'),
    ('DP0003', 'Finance',   'CP0001'),
    ('DP0004', 'IT',        'CP0002'),
    ('DP0005', 'Marketing', 'CP0002'),
    ('DP0006', 'HR',        'CP0002'),
    ('DP0007', 'Finance',   'CP0002')
ON CONFLICT (SdpCode) DO NOTHING;

-- ============================================================
-- 3. Admin (password = "admin1234")
-- ============================================================
INSERT INTO Admin (Code, Username, PasswordHash, ScpCode) VALUES
    ('AD0001', 'admin1', crypt('admin1234', gen_salt('bf')), 'CP0001'),
    ('AD0002', 'admin2', crypt('admin1234', gen_salt('bf')), 'CP0001'),
    ('AD0003', 'admin3', crypt('admin1234', gen_salt('bf')), 'CP0001'),
    ('AD0004', 'admin4', crypt('admin1234', gen_salt('bf')), 'CP0002'),
    ('AD0005', 'admin5', crypt('admin1234', gen_salt('bf')), 'CP0002'),
    ('AD0006', 'admin6', crypt('admin1234', gen_salt('bf')), 'CP0002')
ON CONFLICT (Code) DO NOTHING;

-- ============================================================
-- 4. Employee
-- PasswordHash และ WorkStatus ถูก trigger จัดการอัตโนมัติ
-- password = วันเกิด DDMMYYYY เช่น EmpNo 1 = "15051990"
-- ============================================================
INSERT INTO Employee (EmpNo, Title, Fname, Lname, Birthday, Sex, SdpCode, StartDate) VALUES
    -- CP0001 - kmitl1
    (1,  'นาย',    'สมชาย',     'มีสุข',       '1990-05-15', 'M', 'DP0001', '2020-01-01'),
    (2,  'นางสาว', 'สมหญิง',    'ขยัน',        '1995-08-20', 'F', 'DP0001', '2021-03-01'),
    (3,  'นาย',    'วิชัย',     'ดีมาก',       '1988-12-10', 'M', 'DP0002', '2019-06-15'),
    (4,  'นาง',    'มานี',      'สุขใจ',       '1993-03-25', 'F', 'DP0003', '2022-01-10'),
    (5,  'นาย',    'ธนกร',      'รุ่งเรือง',   '1992-11-08', 'M', 'DP0001', '2021-07-01'),
    (6,  'นางสาว', 'พิมพ์ใจ',   'แสงทอง',      '1997-04-12', 'F', 'DP0002', '2023-01-15'),
    (7,  'นาย',    'อนุชา',     'ศรีสวัสดิ์',  '1986-09-30', 'M', 'DP0003', '2017-05-01'),
    -- CP0002 - kmitl2
    (8,  'นาย',    'ประเสริฐ',  'มั่นคง',      '1985-07-04', 'M', 'DP0004', '2018-09-01'),
    (9,  'นางสาว', 'วรรณา',     'ใจดี',        '1994-02-18', 'F', 'DP0005', '2020-06-01'),
    (10, 'นาย',    'ศักดิ์ชัย', 'พงษ์ไพร',     '1991-06-22', 'M', 'DP0006', '2022-03-01'),
    (11, 'นาง',    'สุนีย์',    'ทองดี',       '1989-10-05', 'F', 'DP0007', '2019-11-01'),
    (12, 'นาย',    'ภานุวัฒน์', 'เจริญสุข',    '1996-01-14', 'M', 'DP0004', '2023-06-01')
ON CONFLICT (EmpNo) DO NOTHING;